ndrm.ch,drm.ch,sex,age,race,height,weight,actn3.r577x,bmi,height_cm,weight_kg
40,40,Female,27,Caucasian,65,199,CC,33.112,165.1,90.26498897769231
25,0,Male,36,Caucasian,71.7,189,CT,25.845,182.11800000000002,85.7290598833359
40,0,Female,24,Caucasian,65,134,CT,22.296,165.1,60.78144986437572
125,0,Female,40,Caucasian,68,171,CT,25.998,172.72,77.5643875134944
40,20,Female,32,Caucasian,61,118,CC,22.293,154.94,53.52396331340549
75,0,Female,24,Hispanic,62.2,120,CT,21.805,157.988,54.43114913227677
100,0,Female,30,Caucasian,65,134,TT,22.296,165.1,60.78144986437572
57.1,-14.3,Female,28,Caucasian,68,162,CT,24.629,172.72,73.48205132857363
33.3,0,Male,27,Hispanic,68.2,189,CC,28.566,173.228,85.7290598833359
20,0,Female,30,Caucasian,62.2,120,CT,21.805,157.988,54.43114913227677
25,25,Female,20,Caucasian,69,131,CT,19.343,175.26,59.420671136068805
100,25,Female,23,African Am,62,108,CT,19.751,157.48,48.98803421904909
28.6,12.5,Female,24,Caucasian,67.2,158,TT,24.597,170.68800000000002,71.66767969083108
7.1,-7.1,Male,34,Caucasian,73,233,CT,30.737,185.42000000000002,105.68714789850407
75,20,Female,31,Caucasian,67.5,141,CC,21.755,171.45,63.9566002304252
12.5,0,Male,38,Caucasian,70,155,CT,22.238,177.8,70.30690096252415
60,0,Female,39,African Am,68,178,CC,27.062,172.72,80.73953787954387
40,33.3,Female,26,African Am,61,103,CC,19.46,154.94,46.720069671870895
20,0,Female,30,Caucasian,69,193,TT,28.498,175.26,87.54343152107847
25,-13.3,Male,35,Caucasian,68.5,147,TT,22.024,173.99,66.67815768703905
37.5,-10,Male,33,Asian,66.5,145,CT,23.05,168.91,65.77097186816776
0,0,Female,23,Caucasian,67.5,148,CT,22.835,171.45,67.13175059647469
0,25,Female,22,Other,63,114,CC,20.192,160.02,51.70959167566293
40,20,Female,25,African Am,68.5,133,CC,19.926,173.99,60.32785695494009
133.3,0,Female,20,Caucasian,64,111,CC,19.051,162.56,50.34881294735601
25,0,Female,25,Hispanic,60.5,107,CT,20.551,153.67000000000002,48.534441309613456
33.3,-16.7,Female,24,Caucasian,67.5,142,CC,21.91,171.45,64.41019313986084
40,0,Male,26,Other,67.5,194,CT,29.933,171.45,87.99702443051412
33.3,16.7,Female,38,African Am,65.5,192,TT,31.461,166.37,87.08983861164283
33.3,-16.7,Female,31,Caucasian,69,202,TT,29.827,175.26,91.62576770599922
40,-20,Female,22,Hispanic,66,160,TT,25.822,167.64000000000001,72.57486550970236
100,0,Female,22,Caucasian,62.5,139,TT,25.016,158.75,63.049414411553926
75,20,Female,26,Asian,65,164,TT,27.288,165.1,74.38923714744492
22.2,-20,Male,27,African Am,73.5,141,TT,18.348,186.69,63.9566002304252
100,25,Female,31,Caucasian,65,128,TT,21.298,165.1,58.059892407761886
20,0,Female,31,Asian,64.5,112,CC,18.926,163.83,50.80240585679165
33.3,0,Female,35,Asian,65,140,CC,23.295,165.1,63.50300732098956
27.3,16.7,Male,33,Caucasian,74.5,261,CT,33.059,189.23,118.38774936270197
20,20,Female,21,Caucasian,62,124,CC,22.677,157.48,56.245520770019326
6.3,16.7,Female,40,Hispanic,69.5,132,TT,19.211,176.53,59.87426404550445
30,0,Female,23,Hispanic,63.2,129,TT,22.704,160.52800000000002,58.51348531719753
8.3,50,Female,32,African Am,66,187,CC,30.179,167.64000000000001,84.82187406446464
10,-15,Male,35,Caucasian,70,186,CT,26.685,177.8,84.368281155029
25,8.3,Female,37,Caucasian,66.3,147,CC,23.51,168.402,66.67815768703905
62.5,0,Female,20,Caucasian,67,138,TT,21.611,170.18,62.595821502118284
22.2,11.1,Male,27,Caucasian,64.5,138,TT,23.319,163.83,62.595821502118284
16.7,0,Male,33,Other,67,134,CC,20.985,170.18,60.78144986437572
33.3,0,Female,27,Caucasian,64.3,125,TT,21.254,163.322,56.69911367945497
0,-14.3,Female,22,Hispanic,61,126,TT,23.805,154.94,57.15270658889061
0,0,Female,39,Caucasian,66.7,136,CC,21.49,169.418,61.68863568324701
66.7,16.7,Female,20,Caucasian,66.5,115,CC,18.281,168.91,52.16318458509857
50,0,Female,35,Caucasian,64.7,130,CC,21.832,164.33800000000002,58.96707822663317
50,14.3,Female,22,Other,72,156,CT,21.155,182.88,70.7604938719598
62.5,10,Female,33,Hispanic,65.7,119,CC,19.381,166.87800000000001,53.97755622284113
66.7,0,Female,30,Caucasian,66,146,CC,23.562,167.64000000000001,66.2245647776034
75,22.2,Male,20,Caucasian,69,129,TT,19.048,175.26,58.51348531719753
27.3,0,Male,19,Caucasian,68,208,CC,31.623,172.72,94.34732516261306
44.4,0,Male,26,Caucasian,65.5,135,TT,22.121,166.37,61.235042773811365
37.5,25,Female,20,African Am,63,183,CC,32.413,160.02,83.00750242672207
44.4,10,Male,20,Caucasian,69,177,CC,26.135,175.26,80.28594497010823
30,0,Male,19,Caucasian,70,159,CT,22.812,177.8,72.12127260026672
40,0,Female,18,Other,68,128,CT,19.46,172.72,58.059892407761886
33.3,16.7,Female,19,Asian,65,126,CT,20.965,165.1,57.15270658889061
27.3,16.7,Male,20,Caucasian,67,225,CC,35.236,170.18,102.05840462301894
27.3,0,Male,19,Caucasian,66,156,CC,25.176,167.64000000000001,70.7604938719598
14.3,16.7,Female,19,Caucasian,66.5,147,CC,23.368,168.91,66.67815768703905
60,0,Female,19,Caucasian,64.5,117,CT,19.771,163.83,53.07037040396985
33.3,0,Female,34,Asian,62.5,130,CC,23.396,158.75,58.96707822663317
60,20,Female,20,Caucasian,67,164,CT,25.683,170.18,74.38923714744492
57.1,16.7,Female,21,Caucasian,68,149,CT,22.653,172.72,67.58534350591032
44.4,0,Male,25,Caucasian,70,164,TT,23.529,177.8,74.38923714744492
50,33.3,Male,21,Asian,68,146,CT,22.197,172.72,66.2245647776034
60,40,Female,20,Caucasian,64,134,CC,22.999,162.56,60.78144986437572
36.4,9.1,Male,22,Asian,68,178,TT,27.062,172.72,80.73953787954387
45.5,-14.3,Male,23,Hispanic,67,160,CT,25.057,170.18,72.57486550970236
50,83.3,Female,17,Caucasian,67.5,135,CT,20.83,171.45,61.235042773811365
66.7,16.7,Female,18,Asian,62,154,TT,28.164,157.48,69.85330805308853
71.4,0,Female,18,Other,67,148,CT,23.178,170.18,67.13175059647469
61.5,30.8,Male,21,Caucasian,66.5,196,CC,31.158,168.91,88.90421024938539
33.3,0,Female,20,Caucasian,68,180,CT,27.366,172.72,81.64672369841516
72.7,0,Male,19,Caucasian,67,195,CC,30.538,170.18,88.45061733994974
57.1,12.5,Female,20,Caucasian,69.2,150,CC,22.021,175.768,68.03893641534596
80,16.7,Female,22,Caucasian,65.5,149,CT,24.415,166.37,67.58534350591032
58.3,16.7,Male,18,Hispanic,71,227,CT,31.657,180.34,102.96559044189023
66.7,0,Female,18,Other,62.5,152,CT,27.355,158.75,68.94612223421724
140,16.7,Female,19,Caucasian,62,188,TT,34.382,157.48,85.27546697390027
33.3,0,Male,19,Caucasian,69,160,TT,23.625,175.26,72.57486550970236
45.5,18.2,Male,22,African Am,70.2,162,TT,23.11,178.30800000000002,73.48205132857363
50,0,Female,22,Asian,68,140,TT,21.285,172.72,63.50300732098956
60,20,Female,18,African Am,66,132,TT,21.303,167.64000000000001,59.87426404550445
13.3,7.7,Male,23,Caucasian,75.5,291,TT,35.888,191.77,131.99553664577115
38.5,0,Male,23,Hispanic,66.2,156,TT,25.024,168.148,70.7604938719598
44.4,22.2,Male,25,Hispanic,68,179,CT,27.214,172.72,81.19313078897952
125,20,Female,23,Caucasian,64,133,TT,22.827,162.56,60.32785695494009
40,0,Female,23,Caucasian,65,114,CT,18.969,165.1,51.70959167566293
33.3,0,Female,22,Caucasian,71,129,CT,17.99,180.34,58.51348531719753
62.5,25,Male,19,Caucasian,72,161,TT,21.833,182.88,73.028458419138
100,43.4,Female,23,Caucasian,63.5,195,CT,33.997,161.29,88.45061733994974
50,25,Male,18,Caucasian,74,183,CT,23.493,187.96,83.00750242672207
114.3,25,Female,19,Caucasian,63,179,CT,31.705,160.02,81.19313078897952
33.3,0,Male,26,Caucasian,67,151,TT,23.647,170.18,68.4925293247816
50,16.7,Female,27,Caucasian,61,179,TT,33.818,154.94,81.19313078897952
100,25,Female,23,African Am,62,130,CT,23.775,157.48,58.96707822663317
75,0,Female,23,Caucasian,63,127,TT,22.495,160.02,57.606299498326244
30,0,Male,28,Caucasian,69,186,CT,27.464,175.26,84.368281155029
100,0,Female,25,African Am,66,141,CC,22.756,167.64000000000001,63.9566002304252
60,-7.7,Female,19,Caucasian,64,141,TT,24.2,162.56,63.9566002304252
34.6,6.7,Male,19,Caucasian,71,242,CT,33.748,180.34,109.76948408342481
34.8,20,Male,28,Caucasian,72,153,TT,20.748,182.88,69.39971514365288
122.2,16.7,Female,22,Caucasian,68,190,CC,28.886,172.72,86.18265279277155
37.5,-11.1,Female,26,Asian,63,125,CT,22.14,160.02,56.69911367945497
19.2,-3.6,Male,26,Asian,69,203,CC,29.975,175.26,92.07936061543487
120,0,Female,20,Caucasian,61.2,101,CT,18.957,155.448,45.81288385299961
81.8,16.7,Female,19,Caucasian,66,131,CT,21.142,167.64000000000001,59.420671136068805
18.2,0,Female,18,Caucasian,65,125,TT,20.799,165.1,56.69911367945497
42.9,0,Female,24,Other,65.2,193,CT,31.917,165.608,87.54343152107847
111.1,20,Female,23,African Am,65,121,CC,20.133,165.1,54.88474204171241
90,9.1,Female,18,Caucasian,57.3,136,CT,29.17,145.542,61.68863568324701
83.3,0,Female,19,Caucasian,63.5,153,CT,26.675,161.29,69.39971514365288
90,0,Female,18,Caucasian,65.7,131,TT,21.335,166.87800000000001,59.420671136068805
114.3,25,Female,18,Caucasian,67,128,CC,20.045,170.18,58.059892407761886
72.7,36.4,Female,18,African Am,65.5,115,CC,18.844,166.37,52.16318458509857
109.1,9.1,Female,20,African Am,65.5,123,CT,20.155,166.37,55.79192786058369
60,12.5,Female,19,Asian,60,105,TT,20.504,152.4,47.62725549074217
114.3,20,Female,20,Caucasian,63,133,CC,23.557,160.02,60.32785695494009
100,18.2,Female,18,Caucasian,63,109,CC,19.306,160.02,49.44162712848473
16.7,0,Male,33,Caucasian,70,177,CT,25.394,177.8,80.28594497010823
80,20,Female,31,Caucasian,66,160,TT,25.822,167.64000000000001,72.57486550970236
66.7,16.7,Female,25,Caucasian,64,196,CC,33.64,162.56,88.90421024938539
100,0,Female,19,Caucasian,69,165,CT,24.364,175.26,74.84283005688056
25,0,Male,24,Other,62.5,147,CT,26.455,158.75,66.67815768703905
62.5,11.1,Male,34,Caucasian,73,169,CC,22.294,185.42000000000002,76.65720169462311
27.3,-8.3,Male,23,Caucasian,69.5,136,CT,19.794,176.53,61.68863568324701
60,0,Female,21,Other,62.5,150,CT,26.995,158.75,68.03893641534596
50,0,Female,27,Hispanic,57.5,109,TT,23.176,146.05,49.44162712848473
100,-20,Female,36,African Am,62,144,CC,26.335,157.48,65.31737895873212
20,20,Female,33,African Am,64.5,126,CC,21.292,163.83,57.15270658889061
100,0,Female,34,Caucasian,67.5,123,TT,18.978,171.45,55.79192786058369
20,7.4,Male,40,Caucasian,72.5,212,CC,28.354,184.15,96.16169680035563
40,0,Female,26,Caucasian,64.3,133,CT,22.614,163.322,60.32785695494009
60,0,Female,28,Caucasian,64.8,124,CT,20.76,164.59199999999998,56.245520770019326
100,25,Female,34,Caucasian,69.8,140,CT,20.201,177.292,63.50300732098956
28.6,0,Female,34,Caucasian,69.8,130,CT,18.758,177.292,58.96707822663317
15.4,7.1,Male,28,African Am,69.3,256,CT,37.474,176.022,116.11978481552377
50,16.7,Male,27,Caucasian,68.2,144,CT,21.765,173.228,65.31737895873212
5.9,0,Male,29,Caucasian,66.5,169,CC,26.866,168.91,76.65720169462311
55.6,20,Male,22,African Am,68.5,173,CC,25.919,173.99,78.47157333236568
60,0,Female,29,Caucasian,62.5,163,CT,29.335,158.75,73.93564423800927
150,0,Female,38,Caucasian,65,155,TT,25.791,165.1,70.30690096252415
50,0,Female,28,Asian,61,112,CC,21.16,154.94,50.80240585679165
16.7,8.3,Male,34,Caucasian,70,305,CT,43.758,177.8,138.3458373778701
33.3,-16.7,Female,21,Caucasian,63,114,TT,20.192,160.02,51.70959167566293
18.8,13.3,Male,27,Other,72,228,CT,30.919,182.88,103.41918335132586
20,-33.3,Female,39,Caucasian,65,173,CT,28.786,165.1,78.47157333236568
42.9,0,Male,28,Asian,71,144,CC,20.082,180.34,65.31737895873212
25,0,Female,30,Caucasian,64.2,135,CT,23.026,163.068,61.235042773811365
50,0,Female,21,Caucasian,65.8,138,CT,22.407,167.132,62.595821502118284
50,16.7,Female,31,Caucasian,69.2,202,TT,29.655,175.768,91.62576770599922
100,0,Female,22,Hispanic,62.5,157,CC,28.255,158.75,71.21408678139544
40,0,Female,23,Caucasian,65,114,CC,18.969,165.1,51.70959167566293
116.7,0,Female,26,African Am,65.5,182,CC,29.823,166.37,82.55390951728643
26.7,0,Male,39,Caucasian,69,191,CT,28.203,175.26,86.63624570220719
50,-16.7,Female,23,Caucasian,66,127,CT,20.496,167.64000000000001,57.606299498326244
25,0,Male,38,Caucasian,70.5,209,CT,29.561,179.07,94.8009180720487
57.1,-14.3,Male,22,Caucasian,66,167,CT,26.952,167.64000000000001,75.75001587575184
40,0,Female,34,Caucasian,62,126,CC,23.043,157.48,57.15270658889061
40,-16.7,Female,36,Caucasian,66,143,CT,23.078,167.64000000000001,64.86378604929648
50,10,Male,30,Caucasian,68.8,211,CT,31.337,174.75199999999998,95.70810389091999
150,0,Female,21,Caucasian,65,131,TT,21.797,165.1,59.420671136068805
18.2,-7.7,Male,21,Caucasian,68.7,172,CT,25.619,174.49800000000002,78.01798042293004
50,0,Male,32,Asian,68.7,155,TT,23.087,174.49800000000002,70.30690096252415
36.4,8.3,Male,25,Other,72.5,177,TT,23.673,184.15,80.28594497010823
33.3,0,Female,23,Caucasian,63,138,CT,24.443,160.02,62.595821502118284
66.7,0,Female,20,Caucasian,62.5,98,TT,17.637,158.75,44.45210512469269
57.1,10,Male,30,Asian,65.5,147,CT,24.087,166.37,66.67815768703905
40,0,Male,39,Asian,69,132,CC,19.491,175.26,59.87426404550445
20,-8.3,Male,22,Asian,71,193,CT,26.915,180.34,87.54343152107847
20,0,Male,29,Asian,68,166,CC,25.237,172.72,75.2964229663162
20,20,Female,24,Asian,60.5,140,CC,26.889,153.67000000000002,63.50300732098956
36.4,0,Male,36,Hispanic,65.5,241,CT,39.49,166.37,109.31589117398917
42.9,14.3,Female,38,Hispanic,60.5,171,TT,32.843,153.67000000000002,77.5643875134944
18.8,0,Male,32,Hispanic,68.2,190,CC,28.717,173.228,86.18265279277155
30.8,-6.7,Male,32,Caucasian,73.8,217,CC,28.009,187.452,98.42966134753382
16.7,0,Female,36,Caucasian,63.7,184,CC,31.878,161.798,83.46109533615771
50,14.3,Male,23,Caucasian,69.4,175,CC,25.543,176.276,79.37875915123695
10,-10,Male,25,Caucasian,70.4,169,CT,23.972,178.81600000000003,76.65720169462311
75,25,Female,26,Other,67.6,175,CT,26.922,171.70399999999998,79.37875915123695
33.3,-16.7,Female,26,Caucasian,67,141,CC,22.081,170.18,63.9566002304252
33.3,0,Male,22,Caucasian,75,213,CC,26.62,190.5,96.61528970979127
54.5,18.2,Male,20,Caucasian,72,177,TT,24.003,182.88,80.28594497010823
18.2,10,Male,21,Caucasian,65,143,CT,23.794,165.1,64.86378604929648
50,0,Male,25,Asian,67.6,144,CC,22.153,171.70399999999998,65.31737895873212
80,0,Female,21,Caucasian,60.7,141,CC,26.903,154.178,63.9566002304252
75,0,Female,23,Caucasian,64.5,132,CT,22.305,163.83,59.87426404550445
20,-10,Male,21,Caucasian,73.2,168,TT,22.042,185.928,76.20360878518747
22.2,0,Male,22,Caucasian,67.5,155,CC,23.916,171.45,70.30690096252415
44.4,-20,Male,21,Caucasian,70,159,CC,22.812,177.8,72.12127260026672
20,-27.3,Male,23,Caucasian,70,144,TT,20.66,177.8,65.31737895873212
150,20,Female,20,Caucasian,64,134,CT,22.999,162.56,60.78144986437572
44.4,9.1,Male,25,Caucasian,69.5,160,TT,23.287,176.53,72.57486550970236
75,12.5,Male,18,Caucasian,71.2,155,CC,21.494,180.848,70.30690096252415
60,0,Male,18,Caucasian,72.4,185,CT,24.811,183.89600000000002,83.91468824559335
37.5,0,Male,24,Caucasian,71,168,CT,23.429,180.34,76.20360878518747
62.5,25,Male,22,Caucasian,74.4,169,TT,21.463,188.97600000000003,76.65720169462311
27.3,8.3,Male,20,Caucasian,75.3,187,CT,23.185,191.262,84.82187406446464
42.9,25,Male,20,Caucasian,66.9,152,CT,23.875,169.92600000000002,68.94612223421724
25,7.7,Male,29,Caucasian,72.4,186,TT,24.945,183.89600000000002,84.368281155029
33.3,10,Male,29,Asian,66.5,144,CT,22.892,168.91,65.31737895873212
25,8.3,Male,22,Caucasian,71,183,CT,25.521,180.34,83.00750242672207
36.4,0,Male,30,Other,70.3,143,CC,20.341,178.56199999999998,64.86378604929648
22.2,9.1,Male,25,Caucasian,68.1,176,CC,26.679,172.974,79.83235206067259
33.3,14.3,Female,20,Caucasian,66.3,146,CC,23.35,168.402,66.2245647776034
57.1,0,Male,33,Caucasian,70.5,159,CT,22.489,179.07,72.12127260026672
30,10,Male,25,Caucasian,67.9,158,TT,24.092,172.466,71.66767969083108
60,20,Female,19,Caucasian,63.4,121,CT,21.162,161.036,54.88474204171241
200,0,Female,18,Caucasian,67,160,CT,25.057,170.18,72.57486550970236
100,20,Female,18,Caucasian,67,192,CT,30.068,170.18,87.08983861164283
100,40,Female,19,Caucasian,67,151,CC,23.647,170.18,68.4925293247816
62.5,0,Male,18,Caucasian,67.6,139,CT,21.383,171.70399999999998,63.049414411553926
40,18.2,Male,19,Caucasian,70,177,TT,25.394,177.8,80.28594497010823
71.4,0,Male,18,Caucasian,67,151,CT,23.647,170.18,68.4925293247816
60,0,Female,18,Caucasian,64.4,145,CT,24.578,163.57600000000002,65.77097186816776
87.5,0,Male,18,Caucasian,67,125,CT,19.576,170.18,56.69911367945497
100,37.5,Male,18,Caucasian,71,162,CT,22.592,180.34,73.48205132857363
33.3,8.3,Male,19,Caucasian,74,154,CT,19.77,187.96,69.85330805308853
100,0,Female,19,Caucasian,63,124,CT,21.963,160.02,56.245520770019326
100,0,Female,19,Caucasian,65.5,126,CT,20.646,166.37,57.15270658889061
33.3,0,Female,19,Caucasian,64.7,125,CC,20.992,164.33800000000002,56.69911367945497
100,20,Male,18,Caucasian,67.3,139,CC,21.574,170.942,63.049414411553926
30,0,Male,18,Caucasian,68,192,CT,29.19,172.72,87.08983861164283
60,20,Female,19,Caucasian,64,122,TT,20.939,162.56,55.33833495114805
50,9.1,Male,21,Caucasian,70,157,CC,22.525,177.8,71.21408678139544
250,50,Female,19,Caucasian,62.1,116,CT,21.146,157.734,52.61677749453421
100,0,Female,18,Caucasian,66.6,143,CT,22.664,169.164,64.86378604929648
120,20,Female,20,Caucasian,66.5,134,CT,21.302,168.91,60.78144986437572
66.7,16.7,Female,19,Caucasian,65.1,166,CC,27.536,165.35399999999998,75.2964229663162
120,40,Female,18,Caucasian,65,134,CT,22.296,165.1,60.78144986437572
50,0,Male,19,Caucasian,71,153,CC,21.337,180.34,69.39971514365288
100,20,Female,18,Caucasian,67.3,154,CT,23.903,170.942,69.85330805308853
75,0,Female,18,Caucasian,67,131,CT,20.515,170.18,59.420671136068805
50,10,Male,24,Caucasian,72,168,CC,22.782,182.88,76.20360878518747
33.3,0,Male,36,Caucasian,71,191,CT,26.636,180.34,86.63624570220719
30,0,Male,20,Caucasian,71,159,CC,22.174,180.34,72.12127260026672
80,16.7,Male,21,Caucasian,68,162,CT,24.629,172.72,73.48205132857363
20,0,Male,20,Caucasian,71.2,151,CT,20.94,180.848,68.4925293247816
85.7,0,Male,24,Caucasian,71.3,158,CT,21.849,181.102,71.66767969083108
33.3,11.1,Male,18,Caucasian,70.3,162,CC,23.044,178.56199999999998,73.48205132857363
50,0,Female,20,Caucasian,61,114,CC,21.538,154.94,51.70959167566293
125,0,Female,23,Caucasian,64,182,TT,31.237,162.56,82.55390951728643
38.5,16.7,Male,19,Caucasian,66.5,164,TT,26.071,168.91,74.38923714744492
75,16.7,Male,25,Caucasian,67.7,217,CC,33.284,171.958,98.42966134753382
50,27.3,Male,26,Other,67.8,121,CC,18.505,172.212,54.88474204171241
85.7,11.1,Male,24,Other,72.6,135,TT,18.006,184.404,61.235042773811365
150,80,Male,30,Other,66.5,105,CC,16.692,168.91,47.62725549074217
57.1,11.1,Male,24,Caucasian,67.2,129,CT,20.082,170.68800000000002,58.51348531719753
30,0,Male,25,Caucasian,68,143,TT,21.741,172.72,64.86378604929648
100,0,Female,26,Caucasian,62.5,151,CT,27.175,158.75,68.4925293247816
62.5,0,Male,25,Caucasian,67.5,191,CT,29.47,171.45,86.63624570220719
25,0,Female,39,Caucasian,66,135,CT,21.787,167.64000000000001,61.235042773811365
42.9,33.3,Female,21,Caucasian,65.5,163,CC,26.709,166.37,73.93564423800927
62.5,0,Male,25,Caucasian,69,148,CT,21.853,175.26,67.13175059647469
23.1,-12.5,Male,22,Caucasian,72,212,CC,28.749,182.88,96.16169680035563
125,50,Female,23,Caucasian,63.5,165,CC,28.767,161.29,74.84283005688056
120,14.3,Female,22,Caucasian,66,248,TT,40.024,167.64000000000001,112.49104154003865
57.1,0,Male,34,Asian,57,157,TT,33.971,144.78,71.21408678139544
16.7,0,Female,34,Caucasian,65,203,CT,33.777,165.1,92.07936061543487
33.3,6.3,Male,21,Caucasian,74,317,CC,40.696,187.96,143.7889522910978
33.3,10,Male,21,Caucasian,68,132,CT,20.068,172.72,59.87426404550445
45.5,-8.3,Male,28,Caucasian,73,195,CT,25.724,185.42000000000002,88.45061733994974
60,18.2,Male,24,Caucasian,65,150,TT,24.959,165.1,68.03893641534596
40,16.7,Male,25,Caucasian,75.3,190,CT,23.557,191.262,86.18265279277155
9.1,0,Male,23,Asian,64.5,174,CT,29.403,163.83,78.92516624180132
100,18.2,Male,24,Caucasian,72,150,TT,20.341,182.88,68.03893641534596
25,-7.7,Male,21,Caucasian,67,232,CT,36.332,170.18,105.23355498906842
15.4,0,Male,20,Caucasian,68,170,CC,25.846,172.72,77.11079460405875
40,0,Female,22,Caucasian,63,151,CT,26.746,160.02,68.4925293247816
33.3,-16.7,Female,33,Caucasian,63.5,187,CT,32.602,161.29,84.82187406446464
37.5,25,Male,26,Asian,71,146,CT,20.361,180.34,66.2245647776034
80,20,Female,23,Caucasian,67,164,CT,25.683,170.18,74.38923714744492
80,50,Female,22,Caucasian,67.2,144,CC,22.417,170.68800000000002,65.31737895873212
40,0,Female,23,Caucasian,62,123,CC,22.495,157.48,55.79192786058369
60,20,Female,18,Asian,60,123,CT,24.019,152.4,55.79192786058369
50,0,Female,20,Caucasian,59.5,161,CT,31.97,151.13,73.028458419138
66.7,23.1,Male,25,Caucasian,69.5,203,CT,29.545,176.53,92.07936061543487
27.3,0,Male,30,Hispanic,66.5,173,TT,27.502,168.91,78.47157333236568
50,10,Male,24,Caucasian,68.5,152,TT,22.773,173.99,68.94612223421724
57.1,0,Male,23,Asian,64.7,153,TT,25.694,164.33800000000002,69.39971514365288
40,16.7,Female,19,Caucasian,67.5,137,TT,21.138,171.45,62.14222859268264
80,16.7,Male,19,Asian,71,145,CC,20.221,180.34,65.77097186816776
54.5,7.1,Male,19,Caucasian,70.5,308,TT,43.564,179.07,139.70661610617705
100,16.7,Female,20,Caucasian,66.7,168,CC,26.547,169.418,76.20360878518747
38.5,27.3,Male,19,Caucasian,70,201,CT,28.837,177.8,91.17217479656358
60,20,Female,19,Caucasian,64.5,122,CT,20.616,163.83,55.33833495114805
100,0,Female,19,Caucasian,60.5,104,CT,19.975,153.67000000000002,47.17366258130653
60,0,Female,18,Caucasian,68.2,147,CT,22.218,173.228,66.67815768703905
25,0,Female,19,Asian,63.2,113,CC,19.888,160.52800000000002,51.25599876622729
25,-16.7,Female,31,Asian,64,141,CT,24.2,162.56,63.9566002304252
9.1,-8.3,Male,27,Asian,67,154,TT,24.117,170.18,69.85330805308853
30.8,0,Male,33,Caucasian,71,156,CT,21.755,180.34,70.7604938719598
0,-25,Male,23,Caucasian,67.5,120,CT,18.515,171.45,54.43114913227677
20,22.2,Female,37,Caucasian,71,244,CT,34.027,180.34,110.6766699022961
71.4,14.3,Female,19,Caucasian,64,115,CC,19.738,162.56,52.16318458509857
25,-25,Female,25,Asian,60,108,CC,21.09,152.4,48.98803421904909
0,-26.7,Male,24,Asian,68,140,CC,21.285,172.72,63.50300732098956
21.4,0,Male,22,Caucasian,69.7,174,TT,25.179,177.038,78.92516624180132
33.3,-8.3,Male,23,Caucasian,64,125,CC,21.454,162.56,56.69911367945497
37.5,0,Female,21,Caucasian,66.7,183,CC,28.917,169.418,83.00750242672207
50,0,Female,21,Caucasian,60.2,95,TT,18.428,152.90800000000002,43.091326396385774
50,8.3,Male,25,Caucasian,73,218,CC,28.758,185.42000000000002,98.88325425696947
13.3,-6.7,Male,25,Caucasian,70.5,170,TT,24.045,179.07,77.11079460405875
30.8,-7.7,Male,18,Caucasian,72.7,173,CC,23.011,184.65800000000002,78.47157333236568
45.5,16.7,Male,22,Caucasian,73,182,TT,24.009,185.42000000000002,82.55390951728643
66.7,20,Male,24,Caucasian,73,178,CT,23.482,185.42000000000002,80.73953787954387
50,33.3,Female,22,Caucasian,66,170,CT,27.436,167.64000000000001,77.11079460405875
53.8,7.1,Male,25,Caucasian,70,185,CC,26.542,177.8,83.91468824559335
20,0,Female,22,Caucasian,69,169,CT,24.954,175.26,76.65720169462311
80,75,Female,19,Caucasian,61,107,TT,20.215,154.94,48.534441309613456
100,25,Female,19,African Am,66.5,134,TT,21.302,168.91,60.78144986437572
45.5,-18.2,Male,20,Caucasian,67,150,CT,23.491,170.18,68.03893641534596
40,20,Male,29,Other,71.5,184,CC,25.302,181.61,83.46109533615771
22.2,0,Male,18,Hispanic,68,146,CT,22.197,172.72,66.2245647776034
40,20,Female,19,Caucasian,66,135,CT,21.787,167.64000000000001,61.235042773811365
25,0,Male,20,Caucasian,67,176,CT,27.562,170.18,79.83235206067259
66.7,0,Female,22,Caucasian,62.7,97,TT,17.346,159.258,43.99851221525706
35.7,0,Male,38,Caucasian,73,242,CT,31.925,185.42000000000002,109.76948408342481
20,0,Male,23,Caucasian,73,171,CT,22.558,185.42000000000002,77.5643875134944
15.4,0,Male,29,Caucasian,71,210,CT,29.286,180.34,95.25451098148434
100,25,Female,19,Caucasian,67.2,152,CT,23.662,170.68800000000002,68.94612223421724
40,0,Female,19,Caucasian,63.5,114,CT,19.875,161.29,51.70959167566293
36.4,-16.7,Male,19,Caucasian,77,220,CT,26.085,195.58,99.79044007584075
18.2,-7.7,Male,32,Caucasian,68,178,CT,27.062,172.72,80.73953787954387
27.3,0,Male,20,Asian,72.5,160,CT,21.399,184.15,72.57486550970236
66.7,0,Male,25,Caucasian,69,129,TT,19.048,175.26,58.51348531719753
44.4,-14.3,Male,21,Caucasian,69.5,148,TT,21.54,176.53,67.13175059647469
36.4,-26.7,Male,18,Caucasian,72.5,190,CC,25.412,184.15,86.18265279277155
50,10,Male,22,Hispanic,73,150,CT,19.788,185.42000000000002,68.03893641534596
42.9,0,Male,28,Asian,71,141,CC,19.663,180.34,63.9566002304252
54.3,11.1,Female,22,Caucasian,71,185,CT,25.799,180.34,83.91468824559335
57.1,25,Female,20,Caucasian,68,151,TT,22.957,172.72,68.4925293247816
120,16.7,Female,22,Caucasian,67,140,CT,21.925,170.18,63.50300732098956
166.7,100,Female,20,Caucasian,64,108,TT,18.536,162.56,48.98803421904909
40,8.3,Male,21,Caucasian,67,134,TT,20.985,170.18,60.78144986437572
20,0,Male,20,Caucasian,70.5,206,CC,29.137,179.07,93.44013934374179
80,20,Female,19,Caucasian,61.7,106,CT,19.575,156.71800000000002,48.080848400177814
100,50,Female,19,Caucasian,70.8,155,CT,21.738,179.832,70.30690096252415
42.9,0,Female,27,Caucasian,63.5,197,CT,34.346,161.29,89.35780315882103
42.9,14.3,Female,36,Caucasian,65,130,CT,21.631,165.1,58.96707822663317
42.9,0,Female,19,Caucasian,69,193,CC,28.498,175.26,87.54343152107847
28.6,14.3,Female,20,Caucasian,67,125,CT,19.576,170.18,56.69911367945497
100,0,Female,23,Caucasian,63.3,160,CC,28.072,160.78199999999998,72.57486550970236
8.3,8.3,Male,21,Caucasian,72,166,CT,22.511,182.88,75.2964229663162
60,30,Male,21,Caucasian,69,150,CT,22.149,175.26,68.03893641534596
125,16.7,Female,19,Caucasian,65,120,CC,19.967,165.1,54.43114913227677
40,16.7,Male,22,Caucasian,69.5,169,CC,24.596,176.53,76.65720169462311
75,10,Female,21,African Am,69.3,260,CT,38.059,176.022,117.93415645326634
30.8,7.7,Male,21,Caucasian,67.8,174,CT,26.61,172.212,78.92516624180132
35.7,-14.3,Male,21,Caucasian,69.7,153,CT,22.14,177.038,69.39971514365288
42.9,14.3,Female,20,Caucasian,63,117,CT,20.723,160.02,53.07037040396985
10,0,Male,21,Caucasian,69,180,CT,26.578,175.26,81.64672369841516
120,20,Female,19,Caucasian,64.5,133,CC,22.474,163.83,60.32785695494009
56.3,29.4,Male,24,Caucasian,69,183,CT,27.021,175.26,83.00750242672207
50,16.7,Female,39,Caucasian,64.7,192,CC,32.244,164.33800000000002,87.08983861164283
66.7,16.7,Female,18,Caucasian,66.7,147,CC,23.228,169.418,66.67815768703905
66.7,40,Female,22,Caucasian,64.7,131,CT,22,164.33800000000002,59.420671136068805
100,16.7,Female,18,Caucasian,61.7,141,CT,26.038,156.71800000000002,63.9566002304252
25,25,Female,22,Caucasian,66.2,175,CT,28.072,168.148,79.37875915123695
83.3,16.7,Female,21,Caucasian,67,163,CC,25.527,170.18,73.93564423800927
50,0,Female,19,Caucasian,68,170,CT,25.846,172.72,77.11079460405875
55.6,7.7,Male,19,Asian,68,160,TT,24.325,172.72,72.57486550970236
66.7,0,Female,23,Caucasian,62.7,130,CT,23.247,159.258,58.96707822663317
33.3,0,Female,19,Caucasian,65.7,129,CT,21.009,166.87800000000001,58.51348531719753
28.6,12.5,Female,19,Caucasian,62,135,CT,24.689,157.48,61.235042773811365
27.3,-9.1,Female,22,Caucasian,65,247,TT,41.098,165.1,112.03744863060302
66.7,12.5,Female,21,Caucasian,66,165,CC,26.629,167.64000000000001,74.84283005688056
22.2,0,Female,29,Caucasian,63.7,198,CT,34.304,161.798,89.81139606825667
37.5,12.5,Female,32,Caucasian,62,170,CC,31.09,157.48,77.11079460405875
120,50,Female,21,Caucasian,70,133,TT,19.081,177.8,60.32785695494009
23.1,14.3,Female,20,Caucasian,68,221,CT,33.599,172.72,100.24403298527638
28.6,28.6,Female,39,Caucasian,66,196,CT,31.632,167.64000000000001,88.90421024938539
50,0,Male,18,Caucasian,70,146,CT,20.947,177.8,66.2245647776034
30,22.2,Male,20,Caucasian,71,173,CT,24.126,180.34,78.47157333236568
60,-16.7,Female,21,Caucasian,63.5,119,CT,20.747,161.29,53.97755622284113
100,0,Female,19,Caucasian,63,118,CC,20.9,160.02,53.52396331340549
83.3,16.7,Female,21,Caucasian,70,165,TT,23.672,177.8,74.84283005688056
80,0,Female,23,Caucasian,64,140,CT,24.028,162.56,63.50300732098956
37.5,25,Male,26,Asian,66,116,CT,18.721,167.64000000000001,52.61677749453421
66.7,12.5,Male,21,Caucasian,72,152,TT,20.613,182.88,68.94612223421724
44.4,0,Male,22,Caucasian,73,139,CT,18.337,185.42000000000002,63.049414411553926
100,0,Female,21,Caucasian,64.5,100,CT,16.898,163.83,45.35929094356398
41.2,17.6,Male,22,Caucasian,69,171,CT,25.25,175.26,77.5643875134944
75,75,Female,21,Caucasian,67,127,CT,19.889,170.18,57.606299498326244
80,16.7,Female,19,Caucasian,65,126,CT,20.965,165.1,57.15270658889061
50,0,Female,19,Caucasian,64,130,CT,22.312,162.56,58.96707822663317
75,20,Female,27,Caucasian,57,82,CC,17.743,144.78,37.19461857372246
13.3,14.3,Male,39,Asian,62,111,CT,20.3,157.48,50.34881294735601
57.1,28.6,Female,20,Caucasian,62,137,TT,25.055,157.48,62.14222859268264
57.1,11.1,Male,22,Asian,67,161,CT,25.213,170.18,73.028458419138
50,0,Female,24,Caucasian,68,140,CC,21.285,172.72,63.50300732098956
71.4,20,Male,24,Asian,74,145,CT,18.615,187.96,65.77097186816776
83.3,0,Female,35,Caucasian,63,129,CC,22.849,160.02,58.51348531719753
66.7,16.7,Female,19,Caucasian,63,125,CT,22.14,160.02,56.69911367945497
50,14.3,Male,22,Asian,67,99,CT,15.504,170.18,44.905698034128335
50,9.1,Male,27,Other,67,138,TT,21.611,170.18,62.595821502118284
80,16.7,Female,21,Caucasian,65,131,CT,21.797,165.1,59.420671136068805
100,0,Female,21,Caucasian,63,225,CC,39.853,160.02,102.05840462301894
41.7,8.3,Male,26,Other,73,177,TT,23.35,185.42000000000002,80.28594497010823
80,0,Female,21,Caucasian,69,160,TT,23.625,175.26,72.57486550970236
50,33.3,Female,25,Caucasian,64,222,CT,38.102,162.56,100.69762589471202
100,33.3,Female,19,Caucasian,67,132,CT,20.672,170.18,59.87426404550445
60,20,Female,19,Caucasian,62,130,CC,23.775,157.48,58.96707822663317
100,28.6,Female,21,Caucasian,64,121,TT,20.767,162.56,54.88474204171241
66.7,100,Female,31,Asian,63,103,CC,18.244,160.02,46.720069671870895
60,0,Female,20,Caucasian,65,135,CT,22.463,165.1,61.235042773811365
40,8.3,Male,20,Caucasian,76,180,CC,21.908,193.04,81.64672369841516
100,40,Female,20,Caucasian,66,191,TT,30.825,167.64000000000001,86.63624570220719
100,40,Female,21,Caucasian,70,173,TT,24.82,177.8,78.47157333236568
30,-10,Female,26,Asian,70,162,TT,23.242,177.8,73.48205132857363
80,20,Female,21,Caucasian,65.9,189,CT,30.595,167.38600000000002,85.7290598833359
27.3,7.7,Male,23,Hispanic,68,165,TT,25.085,172.72,74.84283005688056
57.1,0,Female,21,Caucasian,67,175,TT,27.406,170.18,79.37875915123695
50,20,Male,21,Caucasian,68,141,TT,21.437,172.72,63.9566002304252
60,20,Female,21,Caucasian,62,110,TT,20.117,157.48,49.895220037920375
116,28.6,Female,20,Caucasian,65,125,TT,20.799,165.1,56.69911367945497
100,14.3,Female,19,Caucasian,64,133,TT,22.827,162.56,60.32785695494009
150,100,Female,18,Caucasian,65,146,TT,24.293,165.1,66.2245647776034
83.3,66.7,Female,32,Caucasian,65,210,TT,34.942,165.1,95.25451098148434
28.6,28.6,Female,20,Caucasian,69,141,TT,20.82,175.26,63.9566002304252
66.7,14.3,Female,23,Caucasian,63,109,TT,19.306,160.02,49.44162712848473
83.3,14.3,Female,26,Caucasian,66,143,TT,23.078,167.64000000000001,64.86378604929648
80,20,Female,18,Caucasian,66,137,CT,22.11,167.64000000000001,62.14222859268264
100,20,Female,22,Caucasian,68,150,TT,22.805,172.72,68.03893641534596
37.5,-22.2,Female,21,Caucasian,64.3,144,TT,24.485,163.322,65.31737895873212
80,40,Female,21,Caucasian,65,130,CT,21.631,165.1,58.96707822663317
233.3,40,Female,30,Caucasian,67,156,TT,24.43,170.18,70.7604938719598
60,-8.3,Male,29,Caucasian,74,203,TT,26.061,187.96,92.07936061543487
125,40,Female,19,Caucasian,65,124,TT,20.632,165.1,56.245520770019326
100,-33.3,Female,21,Caucasian,63,139,TT,24.62,160.02,63.049414411553926
20,33.3,Female,21,Caucasian,66,214,TT,34.537,167.64000000000001,97.06888261922691
15.4,8.3,Female,19,Caucasian,70,158,TT,22.668,177.8,71.66767969083108
100,0,Female,26,Caucasian,61,109,CT,20.593,154.94,49.44162712848473
60,28.6,Female,24,Caucasian,67,174,CC,27.249,170.18,78.92516624180132
40,0,Female,22,Caucasian,63,132,CT,23.38,160.02,59.87426404550445
27.3,8.3,Male,19,Hispanic,70.5,226,CT,31.966,179.07,102.51199753245459
50,0,Female,21,Caucasian,60,106,CT,20.699,152.4,48.080848400177814
66.7,22.2,Female,21,Caucasian,65,151,CT,25.125,165.1,68.4925293247816
20,16.7,Male,23,Caucasian,65,185,CT,30.782,165.1,83.91468824559335
16.7,16.7,Female,19,Caucasian,67,162,CC,25.37,170.18,73.48205132857363
33.3,16.7,Female,23,Caucasian,68,140,CC,21.285,172.72,63.50300732098956
33.3,33.3,Female,20,African Am,68,127,CT,19.308,172.72,57.606299498326244
14.3,12.5,Female,22,Caucasian,71,156,CC,21.755,180.34,70.7604938719598
17.6,0,Male,19,African Am,69,159,CC,23.478,175.26,72.12127260026672
6.7,-5.6,Male,25,Caucasian,66,192,CC,30.986,167.64000000000001,87.08983861164283
27.3,27.3,Male,20,Caucasian,70,150,CT,21.52,177.8,68.03893641534596
40,20,Female,20,Caucasian,64,113,CT,19.394,162.56,51.25599876622729
0,-14.3,Female,20,Caucasian,65,148,CT,24.626,165.1,67.13175059647469
42.9,0,Female,26,Caucasian,67,155,CT,24.274,170.18,70.30690096252415
33.3,14.3,Female,38,Caucasian,63.5,125,CC,21.793,161.29,56.69911367945497
0,14.3,Female,39,Caucasian,66,202,CC,32.6,167.64000000000001,91.62576770599922
16.7,-12.5,Female,27,Caucasian,68.5,141,CT,21.125,173.99,63.9566002304252
75,60,Female,18,Other,60,117,TT,22.848,152.4,53.07037040396985
75,0,Female,36,Caucasian,64,154,CT,26.431,162.56,69.85330805308853
20,-10,Male,36,Caucasian,69,157,CT,23.182,175.26,71.21408678139544
0,0,Female,30,Caucasian,64,150,CT,25.745,162.56,68.03893641534596
8.3,0,Male,37,Caucasian,65,156,TT,25.957,165.1,70.7604938719598
0,-14.3,Female,26,Caucasian,66.7,151,CC,23.861,169.418,68.4925293247816
33.3,14.3,Female,33,Caucasian,61,157,CC,29.662,154.94,71.21408678139544
28.6,-11.1,Female,37,Caucasian,68,189,CT,28.734,172.72,85.7290598833359
62.5,28.6,Female,36,Caucasian,68,196,CC,29.798,172.72,88.90421024938539
57.1,11.1,Female,18,Caucasian,67,177,CT,27.719,170.18,80.28594497010823
33.3,20,Female,31,Caucasian,64,132,TT,22.655,162.56,59.87426404550445
120,60,Female,25,Caucasian,61.5,144,CT,26.765,156.21,65.31737895873212
0,0,Female,20,Caucasian,64,123,CT,21.111,162.56,55.79192786058369
18.2,44.4,Male,24,Caucasian,71.5,191,CT,26.265,181.61,86.63624570220719
50,0,Female,25,Caucasian,66.5,118,CC,18.758,168.91,53.52396331340549
25,5.9,Male,35,African Am,69,178,CC,26.283,175.26,80.73953787954387
16.7,-5.9,Male,20,Caucasian,72,204,TT,27.664,182.88,92.5329535248705
70,0,Male,36,Caucasian,69,162,CT,23.921,175.26,73.48205132857363
40,20,Female,38,Caucasian,66,111,CC,17.914,167.64000000000001,50.34881294735601
20,16.7,Female,25,Caucasian,68.5,182,CC,27.268,173.99,82.55390951728643
14.3,0,Male,25,Caucasian,74,202,CC,25.932,187.96,91.62576770599922
55.6,10,Male,21,Hispanic,68,151,CT,22.957,172.72,68.4925293247816
30.8,15.4,Male,33,Caucasian,67,174,CT,27.249,170.18,78.92516624180132
33.3,28.6,Female,37,Caucasian,67.5,153,CC,23.607,171.45,69.39971514365288
42.9,0,Female,21,Caucasian,66.5,155,CT,24.64,168.91,70.30690096252415
33.3,0,Female,25,Caucasian,64,165,CT,28.319,162.56,74.84283005688056
38.5,7.1,Male,19,Caucasian,71,195,TT,27.194,180.34,88.45061733994974
11.1,-11.1,Female,20,Caucasian,71,157,CC,21.895,180.34,71.21408678139544
54.5,8.3,Male,20,Caucasian,69.5,157,CT,22.85,176.53,71.21408678139544
100,20,Female,22,Caucasian,67,122,CT,19.106,170.18,55.33833495114805
100,28.6,Female,34,Caucasian,67.3,142,TT,22.04,170.942,64.41019313986084
60,40,Male,22,Caucasian,69.3,145,TT,21.225,176.022,65.77097186816776
28.6,28.6,Female,25,Caucasian,63,146,TT,25.86,160.02,66.2245647776034
25,16.7,Male,19,Caucasian,74,137,CC,17.588,187.96,62.14222859268264
28.6,16.7,Female,34,Caucasian,64.5,147,TT,24.84,163.83,66.67815768703905
33.3,7.7,Male,21,Caucasian,68,175,TT,26.606,172.72,79.37875915123695
55.6,44.4,Female,23,Caucasian,67.5,167,TT,25.767,171.45,75.75001587575184
71.4,0,Female,21,Caucasian,62,128,TT,23.409,157.48,58.059892407761886
42.9,25,Female,21,Caucasian,69,143,TT,21.115,175.26,64.86378604929648
100,60,Female,19,Caucasian,64.5,114,CT,19.264,163.83,51.70959167566293
57.1,0,Female,33,Caucasian,65.5,168,TT,27.528,166.37,76.20360878518747
75,44.4,Male,19,Caucasian,72.5,158,TT,21.132,184.15,71.66767969083108
14.3,28.6,Female,19,African Am,64.5,221,CC,37.345,163.83,100.24403298527638
50,33.3,Female,19,Caucasian,64.5,119,TT,20.109,163.83,53.97755622284113
25,25,Male,20,Caucasian,66,262,TT,42.283,167.64000000000001,118.84134227213761
60,0,Female,20,Caucasian,66,125,TT,20.173,167.64000000000001,56.69911367945497
42.9,14.3,Female,19,Caucasian,61.5,135,CC,25.092,156.21,61.235042773811365
50,0,Female,20,Caucasian,66,155,TT,25.015,167.64000000000001,70.30690096252415
33.3,33.3,Female,22,Caucasian,64,105,TT,18.021,162.56,47.62725549074217
40,27.3,Male,20,Caucasian,72,159,TT,21.562,182.88,72.12127260026672
100,16.7,Female,20,Caucasian,66.5,148,TT,23.527,168.91,67.13175059647469
36.4,-15.4,Male,29,Caucasian,70.5,171,CT,24.187,179.07,77.5643875134944
23.1,7.1,Male,32,Other,67.5,151,CT,23.298,171.45,68.4925293247816
46.2,21.4,Male,35,Other,67.5,204,CC,31.476,171.45,92.5329535248705
36.4,25,Male,27,Caucasian,71.5,159,CT,21.865,181.61,72.12127260026672
40,60,Female,31,Asian,62,110,CC,20.117,157.48,49.895220037920375
16.7,16.7,Female,23,Caucasian,62.2,117,TT,21.26,157.988,53.07037040396985
66.7,21.7,Female,24,Caucasian,65.5,130,CC,21.302,166.37,58.96707822663317
36.4,25,Male,19,Caucasian,68,147,CT,22.349,172.72,66.67815768703905
42.9,14.3,Female,21,Caucasian,62,112,CC,20.483,157.48,50.80240585679165
50,0,Male,24,Caucasian,67,164,CT,25.683,170.18,74.38923714744492
50,10,Male,19,Caucasian,70,156,CT,22.381,177.8,70.7604938719598
28.6,7.1,Male,33,Caucasian,71,210,CC,29.286,180.34,95.25451098148434
66.7,25,Female,22,Asian,62,129,TT,23.592,157.48,58.51348531719753
46,16.7,Female,19,Asian,63,137,CC,24.266,160.02,62.14222859268264
50,25,Female,19,Asian,62,145,TT,26.518,157.48,65.77097186816776
62.5,30,Male,29,Asian,64,134,TT,22.999,162.56,60.78144986437572
30,-8.3,Female,28,Caucasian,65,155,CC,25.791,165.1,70.30690096252415
33.3,28.6,Female,31,Caucasian,68,136,CT,20.676,172.72,61.68863568324701
50,14.3,Female,37,Asian,64,125,TT,21.454,162.56,56.69911367945497
120,60,Female,35,Caucasian,66,124,TT,20.012,167.64000000000001,56.245520770019326
42.9,12.5,Female,27,Caucasian,66,146,CC,23.562,167.64000000000001,66.2245647776034
83.3,100,Female,22,Caucasian,66,134,CC,21.626,167.64000000000001,60.78144986437572
50,28.6,Female,31,Caucasian,62,122,CC,22.312,157.48,55.33833495114805
66.7,50,Female,22,Caucasian,62,118,CT,21.58,157.48,53.52396331340549
116.7,33.3,Female,37,Caucasian,68,152,CT,23.109,172.72,68.94612223421724
35.7,12.5,Male,27,Caucasian,75,196,CC,24.496,190.5,88.90421024938539
80,14.3,Female,20,Caucasian,60,90,CT,17.575,152.4,40.82336184920758
35.7,14.3,Male,19,Caucasian,70,135,CC,19.368,177.8,61.235042773811365
66.7,0,Female,22,Caucasian,69,136,CT,20.081,175.26,61.68863568324701
43.8,12.5,Male,24,Caucasian,73,212,CC,27.967,185.42000000000002,96.16169680035563
37.5,12.5,Female,20,Caucasian,63.5,140,TT,24.408,161.29,63.50300732098956
25,0,Female,23,Caucasian,66,133,CC,21.464,167.64000000000001,60.32785695494009
71.4,71.4,Female,19,Caucasian,66,150,TT,24.208,167.64000000000001,68.03893641534596
100,42.9,Female,29,Caucasian,60,123,TT,24.019,152.4,55.79192786058369
25,12.5,Female,20,Caucasian,68,124,TT,18.852,172.72,56.245520770019326
33.3,-11.1,Male,38,Caucasian,70,172,CT,24.677,177.8,78.01798042293004
36.4,18.2,Female,24,Caucasian,66,124,TT,20.012,167.64000000000001,56.245520770019326
37.5,28.6,Female,23,Caucasian,64,136,CC,23.342,162.56,61.68863568324701
57.1,0,Female,20,Caucasian,60,129,CC,25.191,152.4,58.51348531719753
57.1,11.1,Female,24,Caucasian,65,124,TT,20.632,165.1,56.245520770019326
50,0,Female,22,Caucasian,65.5,130,CT,21.302,166.37,58.96707822663317
15.4,0,Male,39,Caucasian,74.4,200,CT,25.4,188.97600000000003,90.71858188712795
37.5,0,Female,21,Caucasian,64,112,CT,19.223,162.56,50.80240585679165
7.7,7.7,Male,39,Caucasian,70,210,TT,30.129,177.8,95.25451098148434
40,25,Male,21,Caucasian,65,133,CT,22.13,165.1,60.32785695494009
30,9.1,Male,22,Caucasian,73,175,CT,23.086,185.42000000000002,79.37875915123695
33.3,0,Female,30,Caucasian,63,126,CC,22.317,160.02,57.15270658889061
50,-14.3,Female,26,Caucasian,63,118,CT,20.9,160.02,53.52396331340549
6.7,-17.6,Male,22,Caucasian,74,201,TT,25.804,187.96,91.17217479656358
16.7,-14.3,Female,38,African Am,62,133,CC,24.323,157.48,60.32785695494009
33.3,-16.7,Female,25,Caucasian,65,147,TT,24.459,165.1,66.67815768703905
80,0,Female,20,Caucasian,65,132,CT,21.964,165.1,59.87426404550445
125,0,Female,20,Caucasian,65,132,CT,21.964,165.1,59.87426404550445
42.9,12.5,Female,20,Caucasian,65.5,169,CT,27.692,166.37,76.65720169462311
75,0,Female,22,Caucasian,62,100,CT,18.288,157.48,45.35929094356398
50,14.3,Female,26,Asian,65,145,TT,24.127,165.1,65.77097186816776
50,16.7,Male,24,Caucasian,72,214,TT,29.02,182.88,97.06888261922691
28.6,0,Male,22,Caucasian,68,109,TT,16.572,172.72,49.44162712848473
50,14.3,Male,22,Caucasian,67,122,CT,19.106,170.18,55.33833495114805
75,0,Female,32,Caucasian,65,116,CC,19.301,165.1,52.61677749453421
54.5,-7.7,Male,33,Caucasian,69,158,TT,23.33,175.26,71.66767969083108
22.2,9.1,Male,30,Caucasian,73,214,CT,28.231,185.42000000000002,97.06888261922691
36.4,9.1,Male,24,Caucasian,70,186,CT,26.685,177.8,84.368281155029
100,0,Female,26,Caucasian,66,168,CT,27.113,167.64000000000001,76.20360878518747
43.8,7.1,Female,33,Caucasian,62,179,CC,32.736,157.48,81.19313078897952
12.5,-9.1,Male,33,Caucasian,70,166,CC,23.816,177.8,75.2964229663162
27.3,0,Male,28,Caucasian,71,295,TT,41.14,180.34,133.80990828351372
71.4,-22.2,Male,27,Caucasian,71,148,CC,20.64,180.34,67.13175059647469
62.5,25,Female,24,Caucasian,64,118,TT,20.252,162.56,53.52396331340549
53.8,11.1,Female,31,Caucasian,62,131,CC,23.958,157.48,59.420671136068805
50,0,Female,40,Caucasian,64,227,CT,38.96,162.56,102.96559044189023
75,-22.7,Male,26,Caucasian,75,221,CC,27.62,190.5,100.24403298527638
100,0,Female,20,Caucasian,62,149,CT,27.249,157.48,67.58534350591032
100,7.7,Female,22,Caucasian,62,147,CT,26.884,157.48,66.67815768703905
41.2,11.1,Male,29,Asian,68,187,CC,28.43,172.72,84.82187406446464
36.4,0,Male,39,Caucasian,72,273,CT,37.021,182.88,123.83086427592966
70,0,Female,19,Caucasian,61,110,TT,20.782,154.94,49.895220037920375
16.7,3.6,Male,19,Caucasian,72,160,CT,21.698,182.88,72.57486550970236
33.3,12.9,Male,20,Caucasian,74,184,CC,23.622,187.96,83.46109533615771
52.9,12.5,Male,24,Asian,67,157,CC,24.587,170.18,71.21408678139544
62.5,28.6,Male,24,Asian,71.5,163,CC,22.415,181.61,73.93564423800927
87.5,12.5,Female,22,Caucasian,65.5,136,CT,22.285,166.37,61.68863568324701
100,12.5,Female,21,Asian,59,99.5,CT,20.094,149.86,45.132494488846156
43.8,14.3,Female,31,Caucasian,64,134,CT,22.999,162.56,60.78144986437572
43.8,14.3,Female,30,Caucasian,64,134,CC,22.999,162.56,60.78144986437572
